report,sym,cohort,key,px_corr,gross_share,role,c_AssetMgr,c_LevFund,c_Other,c_NonRep,c_Dealer,c_Swap,c_MM,c_Prod
tff,ZB,Dealer,dealer,-0.279,0.09,COUNTERPARTY,-0.334,-0.319,-0.088,-0.293,,,,
tff,ZB,AssetMgr,asset_manager,0.153,0.539,SPEC,,-0.576,-0.051,-0.239,-0.334,,,
tff,ZB,LevFund,leveraged,-0.016,0.189,NEUTRAL,-0.576,,-0.232,-0.064,-0.319,,,
tff,ZB,Other,other_reportable,-0.071,0.059,NEUTRAL,-0.051,-0.232,,-0.063,-0.088,,,
tff,ZB,NonRep,nonreportable,0.22,0.122,RETAIL,-0.239,-0.064,-0.063,,-0.293,,,
tff,ZN,Dealer,dealer,-0.055,0.097,NEUTRAL,-0.357,-0.221,-0.056,-0.075,,,,
tff,ZN,AssetMgr,asset_manager,0.177,0.441,SPEC,,-0.654,-0.193,-0.087,-0.357,,,
tff,ZN,LevFund,leveraged,-0.114,0.324,NEUTRAL,-0.654,,-0.234,-0.201,-0.221,,,
tff,ZN,Other,other_reportable,-0.193,0.051,COUNTERPARTY,-0.193,-0.234,,-0.102,-0.056,,,
tff,ZN,NonRep,nonreportable,0.176,0.087,RETAIL,-0.087,-0.201,-0.102,,-0.075,,,
tff,ZF,Dealer,dealer,-0.158,0.088,COUNTERPARTY,-0.273,-0.283,-0.024,-0.199,,,,
tff,ZF,AssetMgr,asset_manager,0.155,0.465,SPEC,,-0.677,-0.3,-0.088,-0.273,,,
tff,ZF,LevFund,leveraged,-0.103,0.335,NEUTRAL,-0.677,,-0.138,-0.113,-0.283,,,
tff,ZF,Other,other_reportable,-0.12,0.041,inert,-0.3,-0.138,,-0.087,-0.024,,,
tff,ZF,NonRep,nonreportable,0.276,0.071,RETAIL,-0.088,-0.113,-0.087,,-0.199,,,
tff,ZT,Dealer,dealer,-0.067,0.086,NEUTRAL,-0.279,-0.243,-0.135,-0.12,,,,
tff,ZT,AssetMgr,asset_manager,-0.087,0.42,NEUTRAL,,-0.698,-0.074,-0.068,-0.279,,,
tff,ZT,LevFund,leveraged,0.142,0.378,NEUTRAL,-0.698,,-0.338,-0.163,-0.243,,,
tff,ZT,Other,other_reportable,-0.084,0.066,NEUTRAL,-0.074,-0.338,,0.01,-0.135,,,
tff,ZT,NonRep,nonreportable,0.066,0.05,RETAIL,-0.068,-0.163,0.01,,-0.12,,,
tff,YM,Dealer,dealer,-0.072,0.454,NEUTRAL,-0.328,-0.796,-0.176,-0.484,,,,
tff,YM,AssetMgr,asset_manager,0.359,0.17,SPEC,,-0.034,-0.117,-0.072,-0.328,,,
tff,YM,LevFund,leveraged,0.065,0.218,NEUTRAL,-0.034,,-0.136,0.128,-0.796,,,
tff,YM,Other,other_reportable,-0.169,0.002,inert,-0.117,-0.136,,0.156,-0.176,,,
tff,YM,NonRep,nonreportable,-0.221,0.156,RETAIL,-0.072,0.128,0.156,,-0.484,,,
tff,NQ,Dealer,dealer,-0.157,0.305,COUNTERPARTY,-0.452,-0.732,-0.141,-0.348,,,,
tff,NQ,AssetMgr,asset_manager,0.375,0.266,SPEC,,-0.025,-0.042,-0.024,-0.452,,,
tff,NQ,LevFund,leveraged,-0.065,0.264,NEUTRAL,-0.025,,-0.105,0.005,-0.732,,,
tff,NQ,Other,other_reportable,0.008,0.03,inert,-0.042,-0.105,,-0.25,-0.141,,,
tff,NQ,NonRep,nonreportable,0.042,0.135,RETAIL,-0.024,0.005,-0.25,,-0.348,,,
tff,RTY,Dealer,dealer,-0.339,0.242,COUNTERPARTY,-0.618,-0.492,-0.163,-0.261,,,,
tff,RTY,AssetMgr,asset_manager,0.516,0.408,SPEC,,-0.278,-0.073,0.019,-0.618,,,
tff,RTY,LevFund,leveraged,-0.115,0.26,NEUTRAL,-0.278,,-0.038,-0.007,-0.492,,,
tff,RTY,Other,other_reportable,-0.071,0.019,inert,-0.073,-0.038,,-0.103,-0.163,,,
tff,RTY,NonRep,nonreportable,0.04,0.071,RETAIL,0.019,-0.007,-0.103,,-0.261,,,
tff,ES,Dealer,dealer,0.024,0.275,NEUTRAL,-0.217,-0.424,-0.164,-0.365,,,,
tff,ES,AssetMgr,asset_manager,0.55,0.379,SPEC,,-0.427,-0.134,-0.235,-0.217,,,
tff,ES,LevFund,leveraged,-0.377,0.192,COUNTERPARTY,-0.427,,-0.101,-0.223,-0.424,,,
tff,ES,Other,other_reportable,-0.211,0.038,inert,-0.134,-0.101,,-0.021,-0.164,,,
tff,ES,NonRep,nonreportable,-0.057,0.117,RETAIL,-0.235,-0.223,-0.021,,-0.365,,,
disagg,GF,Prod,producer_merchant,-0.245,0.204,COUNTERPARTY,,,-0.094,0.368,,-0.149,-0.683,
disagg,GF,Swap,swap,0.1,0.068,NEUTRAL,,,-0.139,-0.133,,,-0.025,-0.149
disagg,GF,MM,managed_money,0.366,0.299,SPEC,,,-0.384,-0.77,,-0.025,,-0.683
disagg,GF,Other,other_reportable,-0.062,0.184,NEUTRAL,,,,0.042,,-0.139,-0.384,-0.094
disagg,GF,NonRep,nonreportable,-0.392,0.246,RETAIL,,,0.042,,,-0.133,-0.77,0.368
disagg,HE,Prod,producer_merchant,-0.458,0.297,COUNTERPARTY,,,0.083,-0.018,,-0.257,-0.828,
disagg,HE,Swap,swap,0.158,0.175,SPEC,,,-0.187,-0.103,,,0.04,-0.257
disagg,HE,MM,managed_money,0.421,0.282,SPEC,,,-0.503,-0.192,,0.04,,-0.828
disagg,HE,Other,other_reportable,-0.183,0.15,COUNTERPARTY,,,,-0.003,,-0.187,-0.503,0.083
disagg,HE,NonRep,nonreportable,0.082,0.097,RETAIL,,,-0.003,,,-0.103,-0.192,-0.018
disagg,LE,Prod,producer_merchant,-0.342,0.375,COUNTERPARTY,,,-0.056,0.404,,-0.313,-0.854,
disagg,LE,Swap,swap,0.058,0.133,NEUTRAL,,,-0.141,-0.225,,,0.138,-0.313
disagg,LE,MM,managed_money,0.356,0.252,SPEC,,,-0.361,-0.57,,0.138,,-0.854
disagg,LE,Other,other_reportable,-0.036,0.114,NEUTRAL,,,,0.035,,-0.141,-0.361,-0.056
disagg,LE,NonRep,nonreportable,-0.24,0.127,RETAIL,,,0.035,,,-0.225,-0.57,0.404
disagg,CT,Prod,producer_merchant,-0.542,0.382,COUNTERPARTY,,,-0.155,-0.674,,-0.232,-0.88,
disagg,CT,Swap,swap,0.028,0.152,NEUTRAL,,,-0.114,-0.02,,,-0.033,-0.232
disagg,CT,MM,managed_money,0.478,0.257,SPEC,,,-0.188,0.556,,-0.033,,-0.88
disagg,CT,Other,other_reportable,0.075,0.153,NEUTRAL,,,,0.03,,-0.114,-0.188,-0.155
disagg,CT,NonRep,nonreportable,0.525,0.055,RETAIL,,,0.03,,,-0.02,0.556,-0.674
disagg,CC,Prod,producer_merchant,-0.452,0.436,COUNTERPARTY,,,0.131,-0.357,,-0.115,-0.866,
disagg,CC,Swap,swap,-0.042,0.148,NEUTRAL,,,-0.009,0.029,,,-0.211,-0.115
disagg,CC,MM,managed_money,0.421,0.223,SPEC,,,-0.461,0.149,,-0.211,,-0.866
disagg,CC,Other,other_reportable,-0.166,0.108,COUNTERPARTY,,,,-0.04,,-0.009,-0.461,0.131
disagg,CC,NonRep,nonreportable,0.367,0.085,RETAIL,,,-0.04,,,0.029,0.149,-0.357
disagg,KC,Prod,producer_merchant,-0.649,0.41,COUNTERPARTY,,,0.15,-0.083,,-0.188,-0.904,
disagg,KC,Swap,swap,0.061,0.195,NEUTRAL,,,-0.131,0.002,,,-0.083,-0.188
disagg,KC,MM,managed_money,0.596,0.233,SPEC,,,-0.408,-0.071,,-0.083,,-0.904
disagg,KC,Other,other_reportable,-0.106,0.102,NEUTRAL,,,,-0.018,,-0.131,-0.408,0.15
disagg,KC,NonRep,nonreportable,0.129,0.061,RETAIL,,,-0.018,,,0.002,-0.071,-0.083
disagg,LBR,Prod,producer_merchant,-0.465,0.413,COUNTERPARTY,,,-0.066,-0.278,,-0.134,-0.807,
disagg,LBR,Swap,swap,0.054,0.075,NEUTRAL,,,-0.208,-0.048,,,0.009,-0.134
disagg,LBR,MM,managed_money,0.341,0.283,SPEC,,,-0.312,-0.071,,0.009,,-0.807
disagg,LBR,Other,other_reportable,0.228,0.135,SPEC,,,,-0.187,,-0.208,-0.312,-0.066
disagg,LBR,NonRep,nonreportable,0.104,0.094,RETAIL,,,-0.187,,,-0.048,-0.071,-0.278
disagg,OJ,Prod,producer_merchant,-0.484,0.325,COUNTERPARTY,,,0.054,-0.547,,-0.097,-0.878,
disagg,OJ,Swap,swap,0.031,0.038,inert,,,0.03,-0.079,,,-0.047,-0.097
disagg,OJ,MM,managed_money,0.467,0.296,SPEC,,,-0.437,0.375,,-0.047,,-0.878
disagg,OJ,Other,other_reportable,-0.214,0.134,COUNTERPARTY,,,,-0.241,,0.03,-0.437,0.054
disagg,OJ,NonRep,nonreportable,0.409,0.207,RETAIL,,,-0.241,,,-0.079,0.375,-0.547
disagg,SB,Prod,producer_merchant,-0.541,0.372,COUNTERPARTY,,,0.184,-0.623,,-0.04,-0.855,
disagg,SB,Swap,swap,-0.188,0.18,COUNTERPARTY,,,0.038,-0.246,,,-0.33,-0.04
disagg,SB,MM,managed_money,0.502,0.266,SPEC,,,-0.46,0.507,,-0.33,,-0.855
disagg,SB,Other,other_reportable,-0.19,0.079,COUNTERPARTY,,,,-0.258,,0.038,-0.46,0.184
disagg,SB,NonRep,nonreportable,0.6,0.103,RETAIL,,,-0.258,,,-0.246,0.507,-0.623
disagg,HG,Prod,producer_merchant,-0.469,0.367,COUNTERPARTY,,,0.349,-0.264,,0.203,-0.85,
disagg,HG,Swap,swap,-0.192,0.204,COUNTERPARTY,,,0.062,-0.115,,,-0.389,0.203
disagg,HG,MM,managed_money,0.508,0.229,SPEC,,,-0.711,-0.011,,-0.389,,-0.85
disagg,HG,Other,other_reportable,-0.308,0.122,COUNTERPARTY,,,,0.079,,0.062,-0.711,0.349
disagg,HG,NonRep,nonreportable,0.002,0.078,RETAIL,,,0.079,,,-0.115,-0.011,-0.264
disagg,GC,Prod,producer_merchant,-0.527,0.087,COUNTERPARTY,,,-0.035,-0.43,,0.437,-0.737,
disagg,GC,Swap,swap,-0.47,0.387,COUNTERPARTY,,,-0.114,-0.276,,,-0.824,0.437
disagg,GC,MM,managed_money,0.559,0.237,SPEC,,,-0.239,0.239,,-0.824,,-0.737
disagg,GC,Other,other_reportable,-0.06,0.186,NEUTRAL,,,,-0.092,,-0.114,-0.239,-0.035
disagg,GC,NonRep,nonreportable,0.328,0.103,RETAIL,,,-0.092,,,-0.276,0.239,-0.43
disagg,PA,Prod,producer_merchant,-0.476,0.11,COUNTERPARTY,,,-0.142,-0.342,,0.401,-0.754,
disagg,PA,Swap,swap,-0.406,0.252,COUNTERPARTY,,,-0.196,-0.348,,,-0.759,0.401
disagg,PA,MM,managed_money,0.491,0.398,SPEC,,,-0.187,0.176,,-0.759,,-0.754
disagg,PA,Other,other_reportable,0.047,0.12,NEUTRAL,,,,0.118,,-0.196,-0.187,-0.142
disagg,PA,NonRep,nonreportable,0.243,0.12,RETAIL,,,0.118,,,-0.348,0.176,-0.342
disagg,PL,Prod,producer_merchant,-0.517,0.16,COUNTERPARTY,,,0.207,-0.006,,0.571,-0.791,
disagg,PL,Swap,swap,-0.509,0.323,COUNTERPARTY,,,0.215,0.089,,,-0.834,0.571
disagg,PL,MM,managed_money,0.52,0.262,SPEC,,,-0.563,-0.29,,-0.834,,-0.791
disagg,PL,Other,other_reportable,-0.124,0.148,NEUTRAL,,,,0.2,,0.215,-0.563,0.207
disagg,PL,NonRep,nonreportable,0.003,0.107,RETAIL,,,0.2,,,0.089,-0.29,-0.006
disagg,SI,Prod,producer_merchant,-0.473,0.14,COUNTERPARTY,,,0.341,-0.244,,0.578,-0.801,
disagg,SI,Swap,swap,-0.376,0.379,COUNTERPARTY,,,0.302,-0.216,,,-0.823,0.578
disagg,SI,MM,managed_money,0.448,0.151,SPEC,,,-0.622,-0.035,,-0.823,,-0.801
disagg,SI,Other,other_reportable,-0.313,0.129,COUNTERPARTY,,,,-0.026,,0.302,-0.622,0.341
disagg,SI,NonRep,nonreportable,0.236,0.202,RETAIL,,,-0.026,,,-0.216,-0.035,-0.244
tff,BTC,Dealer,dealer,0.057,0.239,NEUTRAL,0.001,-0.312,-0.455,-0.032,,,,
tff,BTC,AssetMgr,asset_manager,0.341,0.198,SPEC,,-0.338,-0.415,0.035,0.001,,,
tff,BTC,LevFund,leveraged,-0.337,0.454,COUNTERPARTY,-0.338,,-0.345,-0.316,-0.312,,,
tff,BTC,Other,other_reportable,-0.065,0.053,NEUTRAL,-0.415,-0.345,,-0.076,-0.455,,,
tff,BTC,NonRep,nonreportable,0.253,0.057,RETAIL,0.035,-0.316,-0.076,,-0.032,,,
tff,ETH,Dealer,dealer,0.388,0.537,SPEC,0.467,-0.901,-0.173,-0.113,,,,
tff,ETH,AssetMgr,asset_manager,0.472,0.091,SPEC,,-0.637,-0.236,0.061,0.467,,,
tff,ETH,LevFund,leveraged,-0.434,0.324,COUNTERPARTY,-0.637,,-0.087,-0.083,-0.901,,,
tff,ETH,Other,other_reportable,-0.26,0.017,inert,-0.236,-0.087,,-0.15,-0.173,,,
tff,ETH,NonRep,nonreportable,0.233,0.03,RETAIL,0.061,-0.083,-0.15,,-0.113,,,
tff,6A,Dealer,dealer,-0.364,0.293,COUNTERPARTY,-0.52,-0.746,-0.148,-0.622,,,,
tff,6A,AssetMgr,asset_manager,0.162,0.342,SPEC,,-0.075,0.037,0.305,-0.52,,,
tff,6A,LevFund,leveraged,0.25,0.214,SPEC,-0.075,,-0.085,0.258,-0.746,,,
tff,6A,Other,other_reportable,-0.039,0.015,inert,0.037,-0.085,,-0.016,-0.148,,,
tff,6A,NonRep,nonreportable,0.385,0.136,RETAIL,0.305,0.258,-0.016,,-0.622,,,
tff,6B,Dealer,dealer,-0.409,0.316,COUNTERPARTY,-0.616,-0.708,-0.032,-0.623,,,,
tff,6B,AssetMgr,asset_manager,0.268,0.344,SPEC,,-0.023,0.024,0.329,-0.616,,,
tff,6B,LevFund,leveraged,0.222,0.202,SPEC,-0.023,,-0.228,0.274,-0.708,,,
tff,6B,Other,other_reportable,-0.017,0.003,inert,0.024,-0.228,,-0.108,-0.032,,,
tff,6B,NonRep,nonreportable,0.413,0.135,RETAIL,0.329,0.274,-0.108,,-0.623,,,
tff,6C,Dealer,dealer,-0.284,0.321,COUNTERPARTY,-0.658,-0.663,0.01,-0.53,,,,
tff,6C,AssetMgr,asset_manager,0.183,0.311,SPEC,,0.021,-0.06,0.241,-0.658,,,
tff,6C,LevFund,leveraged,0.175,0.215,SPEC,0.021,,-0.192,0.076,-0.663,,,
tff,6C,Other,other_reportable,-0.117,0.031,inert,-0.06,-0.192,,-0.092,0.01,,,
tff,6C,NonRep,nonreportable,0.239,0.121,RETAIL,0.241,0.076,-0.092,,-0.53,,,
tff,6S,Dealer,dealer,-0.399,0.373,COUNTERPARTY,-0.292,-0.832,-0.033,-0.613,,,,
tff,6S,AssetMgr,asset_manager,0.211,0.305,SPEC,,-0.067,-0.057,0.196,-0.292,,,
tff,6S,LevFund,leveraged,0.158,0.114,SPEC,-0.067,,-0.059,0.177,-0.832,,,
tff,6S,Other,other_reportable,-0.101,0.011,inert,-0.057,-0.059,,-0.108,-0.033,,,
tff,6S,NonRep,nonreportable,0.534,0.196,RETAIL,0.196,0.177,-0.108,,-0.613,,,
tff,6E,Dealer,dealer,-0.424,0.308,COUNTERPARTY,-0.613,-0.728,-0.207,-0.502,,,,
tff,6E,AssetMgr,asset_manager,0.268,0.431,SPEC,,0.059,-0.011,0.169,-0.613,,,
tff,6E,LevFund,leveraged,0.299,0.137,SPEC,0.059,,-0.104,0.273,-0.728,,,
tff,6E,Other,other_reportable,0.023,0.025,inert,-0.011,-0.104,,-0.094,-0.207,,,
tff,6E,NonRep,nonreportable,0.296,0.099,RETAIL,0.169,0.273,-0.094,,-0.502,,,
tff,6J,Dealer,dealer,-0.523,0.204,COUNTERPARTY,-0.57,-0.823,-0.335,-0.538,,,,
tff,6J,AssetMgr,asset_manager,0.363,0.252,SPEC,,0.168,0.117,0.181,-0.57,,,
tff,6J,LevFund,leveraged,0.364,0.307,SPEC,0.168,,0.006,0.324,-0.823,,,
tff,6J,Other,other_reportable,0.075,0.1,NEUTRAL,0.117,0.006,,0.026,-0.335,,,
tff,6J,NonRep,nonreportable,0.482,0.138,RETAIL,0.181,0.324,0.026,,-0.538,,,
tff,6M,Dealer,dealer,-0.288,0.252,COUNTERPARTY,-0.291,-0.74,-0.313,-0.238,,,,
tff,6M,AssetMgr,asset_manager,0.094,0.29,NEUTRAL,,-0.33,-0.046,-0.022,-0.291,,,
tff,6M,LevFund,leveraged,0.191,0.298,SPEC,-0.33,,0.007,0.1,-0.74,,,
tff,6M,Other,other_reportable,0.068,0.121,NEUTRAL,-0.046,0.007,,0.063,-0.313,,,
tff,6M,NonRep,nonreportable,0.23,0.039,RETAIL,-0.022,0.1,0.063,,-0.238,,,
tff,6N,Dealer,dealer,-0.278,0.38,COUNTERPARTY,-0.629,-0.602,-0.144,-0.391,,,,
tff,6N,AssetMgr,asset_manager,0.179,0.315,SPEC,,-0.193,0.113,0.252,-0.629,,,
tff,6N,LevFund,leveraged,0.123,0.219,NEUTRAL,-0.193,,-0.131,0.024,-0.602,,,
tff,6N,Other,other_reportable,-0.028,0.019,inert,0.113,-0.131,,-0.001,-0.144,,,
tff,6N,NonRep,nonreportable,0.323,0.067,RETAIL,0.252,0.024,-0.001,,-0.391,,,
tff,DX,Dealer,dealer,-0.163,0.224,COUNTERPARTY,-0.16,-0.772,-0.276,-0.147,,,,
tff,DX,AssetMgr,asset_manager,0.356,0.189,SPEC,,-0.263,0.042,0.227,-0.16,,,
tff,DX,LevFund,leveraged,-0.079,0.412,NEUTRAL,-0.263,,-0.233,-0.203,-0.772,,,
tff,DX,Other,other_reportable,0.088,0.097,NEUTRAL,0.042,-0.233,,0.158,-0.276,,,
tff,DX,NonRep,nonreportable,0.371,0.078,RETAIL,0.227,-0.203,0.158,,-0.147,,,
disagg,CL,Prod,producer_merchant,-0.136,0.437,NEUTRAL,,,0.032,-0.056,,0.014,-0.502,
disagg,CL,Swap,swap,-0.232,0.28,COUNTERPARTY,,,-0.188,-0.165,,,-0.59,0.014
disagg,CL,MM,managed_money,0.402,0.13,SPEC,,,-0.466,-0.145,,-0.59,,-0.502
disagg,CL,Other,other_reportable,-0.192,0.099,COUNTERPARTY,,,,0.003,,-0.188,-0.466,0.032
disagg,CL,NonRep,nonreportable,-0.172,0.054,RETAIL,,,0.003,,,-0.165,-0.145,-0.056
disagg,NG,Prod,producer_merchant,-0.257,0.329,COUNTERPARTY,,,0.173,-0.195,,0.087,-0.476,
disagg,NG,Swap,swap,-0.1,0.157,NEUTRAL,,,0.144,-0.182,,,-0.575,0.087
disagg,NG,MM,managed_money,0.483,0.314,SPEC,,,-0.811,0.125,,-0.575,,-0.476
disagg,NG,Other,other_reportable,-0.499,0.133,COUNTERPARTY,,,,-0.21,,0.144,-0.811,0.173
disagg,NG,NonRep,nonreportable,0.071,0.067,RETAIL,,,-0.21,,,-0.182,0.125,-0.195
disagg,RB,Prod,producer_merchant,-0.339,0.56,COUNTERPARTY,,,0.155,-0.579,,-0.011,-0.827,
disagg,RB,Swap,swap,-0.123,0.126,NEUTRAL,,,0.101,-0.183,,,-0.318,-0.011
disagg,RB,MM,managed_money,0.422,0.172,SPEC,,,-0.553,0.498,,-0.318,,-0.827
disagg,RB,Other,other_reportable,-0.359,0.068,COUNTERPARTY,,,,-0.405,,0.101,-0.553,0.155
disagg,RB,NonRep,nonreportable,0.374,0.074,RETAIL,,,-0.405,,,-0.183,0.498,-0.579
disagg,HO,Prod,producer_merchant,-0.371,0.485,COUNTERPARTY,,,0.167,-0.643,,0.073,-0.824,
disagg,HO,Swap,swap,-0.232,0.152,COUNTERPARTY,,,0.026,-0.3,,,-0.305,0.073
disagg,HO,MM,managed_money,0.379,0.133,SPEC,,,-0.523,0.468,,-0.305,,-0.824
disagg,HO,Other,other_reportable,-0.235,0.062,COUNTERPARTY,,,,-0.365,,0.026,-0.523,0.167
disagg,HO,NonRep,nonreportable,0.424,0.168,RETAIL,,,-0.365,,,-0.3,0.468,-0.643
disagg,ZC,Prod,producer_merchant,-0.561,0.463,COUNTERPARTY,,,-0.062,0.192,,-0.294,-0.908,
disagg,ZC,Swap,swap,0.12,0.13,NEUTRAL,,,-0.212,-0.117,,,0.133,-0.294
disagg,ZC,MM,managed_money,0.507,0.196,SPEC,,,-0.236,-0.38,,0.133,,-0.908
disagg,ZC,Other,other_reportable,0.021,0.087,NEUTRAL,,,,0.039,,-0.212,-0.236,-0.062
disagg,ZC,NonRep,nonreportable,-0.025,0.124,RETAIL,,,0.039,,,-0.117,-0.38,0.192
disagg,ZS,Prod,producer_merchant,-0.592,0.548,COUNTERPARTY,,,-0.051,-0.17,,-0.22,-0.882,
disagg,ZS,Swap,swap,0.057,0.128,NEUTRAL,,,-0.138,-0.049,,,0.009,-0.22
disagg,ZS,MM,managed_money,0.55,0.167,SPEC,,,-0.313,0.007,,0.009,,-0.882
disagg,ZS,Other,other_reportable,-0.076,0.071,NEUTRAL,,,,-0.018,,-0.138,-0.313,-0.051
disagg,ZS,NonRep,nonreportable,0.292,0.086,RETAIL,,,-0.018,,,-0.049,0.007,-0.17
disagg,ZM,Prod,producer_merchant,-0.611,0.519,COUNTERPARTY,,,-0.07,-0.491,,-0.08,-0.913,
disagg,ZM,Swap,swap,-0.054,0.137,NEUTRAL,,,-0.017,-0.087,,,-0.112,-0.08
disagg,ZM,MM,managed_money,0.545,0.194,SPEC,,,-0.225,0.299,,-0.112,,-0.913
disagg,ZM,Other,other_reportable,0.019,0.068,NEUTRAL,,,,0.001,,-0.017,-0.225,-0.07
disagg,ZM,NonRep,nonreportable,0.477,0.083,RETAIL,,,0.001,,,-0.087,0.299,-0.491
disagg,ZL,Prod,producer_merchant,-0.609,0.575,COUNTERPARTY,,,-0.036,-0.629,,-0.193,-0.902,
disagg,ZL,Swap,swap,0.048,0.111,NEUTRAL,,,-0.066,-0.028,,,-0.019,-0.193
disagg,ZL,MM,managed_money,0.556,0.176,SPEC,,,-0.282,0.489,,-0.019,,-0.902
disagg,ZL,Other,other_reportable,-0.048,0.072,NEUTRAL,,,,-0.085,,-0.066,-0.282,-0.036
disagg,ZL,NonRep,nonreportable,0.53,0.066,RETAIL,,,-0.085,,,-0.028,0.489,-0.629
disagg,ZW,Prod,producer_merchant,-0.602,0.261,COUNTERPARTY,,,0.264,-0.082,,-0.094,-0.877,
disagg,ZW,Swap,swap,-0.008,0.16,NEUTRAL,,,-0.159,-0.05,,,-0.154,-0.094
disagg,ZW,MM,managed_money,0.576,0.373,SPEC,,,-0.558,-0.078,,-0.154,,-0.877
disagg,ZW,Other,other_reportable,-0.244,0.097,COUNTERPARTY,,,,-0.064,,-0.159,-0.558,0.264
disagg,ZW,NonRep,nonreportable,0.079,0.108,RETAIL,,,-0.064,,,-0.05,-0.078,-0.082
