report,sym,SPEC,COUNTERPARTY,NEUTRAL,inert,spec_merge_ok,cp_merge_ok,retail_behaves,buckets,SPEC_keys,COUNTERPARTY_keys,NEUTRAL_keys,inert_keys,RETAIL_keys,usable_propadj,usable_cache
disagg,CC,MM,Prod+Other,Swap,-,True,True,spec-like,4,managed_money,producer_merchant+other_reportable,swap,-,nonreportable,1058,1041
disagg,CL,MM,Swap+Other,Prod,-,True,False,cp-like,4,managed_money,swap+other_reportable,producer_merchant,-,nonreportable,1058,1033
disagg,CT,MM,Prod,Swap+Other,-,True,True,spec-like,4,managed_money,producer_merchant,swap+other_reportable,-,nonreportable,1058,989
disagg,GC,MM,Prod+Swap,Other,-,True,True,spec-like,4,managed_money,producer_merchant+swap,other_reportable,-,nonreportable,1058,1057
disagg,GF,MM,Prod,Swap+Other,-,True,True,cp-like,4,managed_money,producer_merchant,swap+other_reportable,-,nonreportable,1058,1057
disagg,HE,Swap+MM,Prod+Other,-,-,True,True,neutral,3,swap+managed_money,producer_merchant+other_reportable,-,-,nonreportable,1058,901
disagg,HG,MM,Prod+Swap+Other,-,-,True,True,neutral,3,managed_money,producer_merchant+swap+other_reportable,-,-,nonreportable,1058,1057
disagg,HO,MM,Prod+Swap+Other,-,-,True,True,spec-like,3,managed_money,producer_merchant+swap+other_reportable,-,-,nonreportable,1058,229
disagg,KC,MM,Prod,Swap+Other,-,True,True,neutral,4,managed_money,producer_merchant,swap+other_reportable,-,nonreportable,1058,987
disagg,LBR,MM+Other,Prod,Swap,-,False,True,neutral,4,managed_money+other_reportable,producer_merchant,swap,-,nonreportable,215,214
disagg,LE,MM,Prod,Swap+Other,-,True,True,cp-like,4,managed_money,producer_merchant,swap+other_reportable,-,nonreportable,1058,1057
disagg,NG,MM,Prod+Other,Swap,-,True,True,neutral,4,managed_money,producer_merchant+other_reportable,swap,-,nonreportable,1058,1057
disagg,OJ,MM,Prod+Other,-,Swap,True,True,spec-like,3,managed_money,producer_merchant+other_reportable,-,swap,nonreportable,1058,387
disagg,PA,MM,Prod+Swap,Other,-,True,True,spec-like,4,managed_money,producer_merchant+swap,other_reportable,-,nonreportable,1058,1057
disagg,PL,MM,Prod+Swap,Other,-,True,True,neutral,4,managed_money,producer_merchant+swap,other_reportable,-,nonreportable,1058,1057
disagg,RB,MM,Prod+Other,Swap,-,True,True,spec-like,4,managed_money,producer_merchant+other_reportable,swap,-,nonreportable,1058,239
disagg,SB,MM,Prod+Swap+Other,-,-,True,False,spec-like,3,managed_money,producer_merchant+swap+other_reportable,-,-,nonreportable,1058,1057
disagg,SI,MM,Prod+Swap+Other,-,-,True,True,spec-like,3,managed_money,producer_merchant+swap+other_reportable,-,-,nonreportable,1058,1057
disagg,ZC,MM,Prod,Swap+Other,-,True,True,neutral,4,managed_money,producer_merchant,swap+other_reportable,-,nonreportable,1058,1057
disagg,ZL,MM,Prod,Swap+Other,-,True,True,spec-like,4,managed_money,producer_merchant,swap+other_reportable,-,nonreportable,1058,925
disagg,ZM,MM,Prod,Swap+Other,-,True,True,spec-like,4,managed_money,producer_merchant,swap+other_reportable,-,nonreportable,1058,689
disagg,ZS,MM,Prod,Swap+Other,-,True,True,spec-like,4,managed_money,producer_merchant,swap+other_reportable,-,nonreportable,1058,929
disagg,ZW,MM,Prod+Other,Swap,-,True,True,neutral,4,managed_money,producer_merchant+other_reportable,swap,-,nonreportable,1058,1057
tff,6A,AssetMgr+LevFund,Dealer,-,Other,False,True,spec-like,3,asset_manager+leveraged,dealer,-,other_reportable,nonreportable,1058,1057
tff,6B,AssetMgr+LevFund,Dealer,-,Other,False,True,spec-like,3,asset_manager+leveraged,dealer,-,other_reportable,nonreportable,1058,1057
tff,6C,AssetMgr+LevFund,Dealer,-,Other,True,True,spec-like,3,asset_manager+leveraged,dealer,-,other_reportable,nonreportable,1058,1057
tff,6E,AssetMgr+LevFund,Dealer,-,Other,True,True,spec-like,3,asset_manager+leveraged,dealer,-,other_reportable,nonreportable,1058,1057
tff,6J,AssetMgr+LevFund,Dealer,Other,-,True,True,spec-like,4,asset_manager+leveraged,dealer,other_reportable,-,nonreportable,1058,1057
tff,6M,LevFund,Dealer,AssetMgr+Other,-,True,True,spec-like,4,leveraged,dealer,asset_manager+other_reportable,-,nonreportable,1058,1057
tff,6N,AssetMgr,Dealer,LevFund,Other,True,True,spec-like,4,asset_manager,dealer,leveraged,other_reportable,nonreportable,1055,1054
tff,6S,AssetMgr+LevFund,Dealer,-,Other,False,True,spec-like,3,asset_manager+leveraged,dealer,-,other_reportable,nonreportable,1058,1057
tff,BTC,AssetMgr,LevFund,Dealer+Other,-,True,True,spec-like,4,asset_manager,leveraged,dealer+other_reportable,-,nonreportable,441,440
tff,DX,AssetMgr,Dealer,LevFund+Other,-,True,True,spec-like,4,asset_manager,dealer,leveraged+other_reportable,-,nonreportable,1058,1057
tff,ES,AssetMgr,LevFund,Dealer,Other,True,True,neutral,4,asset_manager,leveraged,dealer,other_reportable,nonreportable,1058,1057
tff,ETH,Dealer+AssetMgr,LevFund,-,Other,True,True,spec-like,3,dealer+asset_manager,leveraged,-,other_reportable,nonreportable,285,284
tff,NQ,AssetMgr,Dealer,LevFund,Other,True,True,neutral,4,asset_manager,dealer,leveraged,other_reportable,nonreportable,1058,1057
tff,RTY,AssetMgr,Dealer,LevFund,Other,True,True,neutral,4,asset_manager,dealer,leveraged,other_reportable,nonreportable,1058,1057
tff,YM,AssetMgr,-,Dealer+LevFund,Other,True,True,cp-like,3,asset_manager,-,dealer+leveraged,other_reportable,nonreportable,1058,1057
tff,ZB,AssetMgr,Dealer,LevFund+Other,-,True,True,spec-like,4,asset_manager,dealer,leveraged+other_reportable,-,nonreportable,1058,1057
tff,ZF,AssetMgr,Dealer,LevFund,Other,True,True,spec-like,4,asset_manager,dealer,leveraged,other_reportable,nonreportable,1058,1057
tff,ZN,AssetMgr,Other,Dealer+LevFund,-,True,True,spec-like,4,asset_manager,other_reportable,dealer+leveraged,-,nonreportable,1058,1057
tff,ZT,-,-,Dealer+AssetMgr+LevFund+Other,-,True,True,neutral,2,-,-,dealer+asset_manager+leveraged+other_reportable,-,nonreportable,1058,1057
