report,sym,cohort,px_corr,gross_share,c_Other,c_NonRep,c_Prod,c_Swap,c_MM,c_AssetMgr,c_LevFund,c_Dealer
disagg,CC,MM,0.41,0.22,-0.46,0.15,-0.87,-0.21,,,,
disagg,CC,Other,-0.22,0.11,,-0.04,0.13,-0.01,-0.46,,,
disagg,CC,NonRep,0.18,0.08,-0.04,,-0.36,0.03,0.15,,,
disagg,CC,Prod,-0.39,0.44,0.13,-0.36,,-0.12,-0.87,,,
disagg,CC,Swap,-0.02,0.15,-0.01,0.03,-0.12,,-0.21,,,
disagg,CL,MM,0.13,0.13,-0.47,-0.15,-0.5,-0.59,,,,
disagg,CL,Other,-0.02,0.1,,0.0,0.03,-0.19,-0.47,,,
disagg,CL,NonRep,-0.02,0.05,0.0,,-0.06,-0.16,-0.15,,,
disagg,CL,Prod,-0.04,0.44,0.03,-0.06,,0.01,-0.5,,,
disagg,CL,Swap,-0.12,0.28,-0.19,-0.16,0.01,,-0.59,,,
disagg,CT,MM,0.2,0.26,-0.19,0.56,-0.88,-0.03,,,,
disagg,CT,Other,-0.0,0.15,,0.03,-0.15,-0.11,-0.19,,,
disagg,CT,NonRep,0.25,0.06,0.03,,-0.67,-0.02,0.56,,,
disagg,CT,Prod,-0.24,0.38,-0.15,-0.67,,-0.23,-0.88,,,
disagg,CT,Swap,0.06,0.15,-0.11,-0.02,-0.23,,-0.03,,,
disagg,GC,MM,0.52,0.24,-0.24,0.24,-0.74,-0.82,,,,
disagg,GC,Other,-0.05,0.19,,-0.09,-0.03,-0.11,-0.24,,,
disagg,GC,NonRep,0.27,0.1,-0.09,,-0.43,-0.28,0.24,,,
disagg,GC,Prod,-0.46,0.09,-0.03,-0.43,,0.44,-0.74,,,
disagg,GC,Swap,-0.45,0.39,-0.11,-0.28,0.44,,-0.82,,,
disagg,GF,MM,0.38,0.3,-0.38,-0.77,-0.68,-0.02,,,,
disagg,GF,Other,-0.04,0.18,,0.04,-0.09,-0.14,-0.38,,,
disagg,GF,NonRep,-0.42,0.25,0.04,,0.37,-0.13,-0.77,,,
disagg,GF,Prod,-0.27,0.2,-0.09,0.37,,-0.15,-0.68,,,
disagg,GF,Swap,0.09,0.07,-0.14,-0.13,-0.15,,-0.02,,,
disagg,HE,MM,0.2,0.28,-0.5,-0.19,-0.83,0.04,,,,
disagg,HE,Other,-0.05,0.15,,-0.0,0.08,-0.19,-0.5,,,
disagg,HE,NonRep,0.09,0.1,-0.0,,-0.02,-0.1,-0.19,,,
disagg,HE,Prod,-0.25,0.3,0.08,-0.02,,-0.26,-0.83,,,
disagg,HE,Swap,0.06,0.17,-0.19,-0.1,-0.26,,0.04,,,
disagg,HG,MM,0.52,0.23,-0.71,-0.01,-0.85,-0.39,,,,
disagg,HG,Other,-0.31,0.12,,0.08,0.35,0.06,-0.71,,,
disagg,HG,NonRep,-0.0,0.08,0.08,,-0.26,-0.12,-0.01,,,
disagg,HG,Prod,-0.48,0.37,0.35,-0.26,,0.2,-0.85,,,
disagg,HG,Swap,-0.2,0.2,0.06,-0.12,0.2,,-0.39,,,
disagg,HO,MM,0.09,0.13,-0.52,0.47,-0.82,-0.31,,,,
disagg,HO,Other,-0.16,0.06,,-0.37,0.17,0.03,-0.52,,,
disagg,HO,NonRep,0.24,0.17,-0.37,,-0.64,-0.3,0.47,,,
disagg,HO,Prod,-0.03,0.49,0.17,-0.64,,0.07,-0.82,,,
disagg,HO,Swap,-0.28,0.15,0.03,-0.3,0.07,,-0.31,,,
disagg,KC,MM,0.34,0.23,-0.41,-0.07,-0.9,-0.08,,,,
disagg,KC,Other,-0.08,0.1,,-0.02,0.15,-0.13,-0.41,,,
disagg,KC,NonRep,-0.1,0.06,-0.02,,-0.08,0.0,-0.07,,,
disagg,KC,Prod,-0.32,0.41,0.15,-0.08,,-0.19,-0.9,,,
disagg,KC,Swap,0.02,0.19,-0.13,0.0,-0.19,,-0.08,,,
disagg,LBR,MM,0.4,0.25,-0.34,-0.07,-0.79,0.02,,,,
disagg,LBR,Other,-0.29,0.08,,-0.19,-0.05,-0.21,-0.34,,,
disagg,LBR,NonRep,-0.13,0.32,-0.19,,-0.3,-0.06,-0.07,,,
disagg,LBR,Prod,-0.41,0.31,-0.05,-0.3,,-0.15,-0.79,,,
disagg,LBR,Swap,-0.18,0.04,-0.21,-0.06,-0.15,,0.02,,,
disagg,LE,MM,0.36,0.25,-0.36,-0.57,-0.85,0.14,,,,
disagg,LE,Other,-0.04,0.11,,0.03,-0.06,-0.14,-0.36,,,
disagg,LE,NonRep,-0.24,0.13,0.03,,0.4,-0.23,-0.57,,,
disagg,LE,Prod,-0.35,0.37,-0.06,0.4,,-0.31,-0.85,,,
disagg,LE,Swap,0.06,0.13,-0.14,-0.23,-0.31,,0.14,,,
disagg,NG,MM,0.32,0.31,-0.81,0.12,-0.48,-0.57,,,,
disagg,NG,Other,-0.34,0.13,,-0.21,0.17,0.14,-0.81,,,
disagg,NG,NonRep,-0.03,0.07,-0.21,,-0.2,-0.18,0.12,,,
disagg,NG,Prod,-0.15,0.33,0.17,-0.2,,0.09,-0.48,,,
disagg,NG,Swap,-0.04,0.16,0.14,-0.18,0.09,,-0.57,,,
disagg,OJ,MM,0.35,0.3,-0.44,0.38,-0.88,-0.05,,,,
disagg,OJ,Other,-0.16,0.13,,-0.24,0.05,0.03,-0.44,,,
disagg,OJ,NonRep,0.23,0.21,-0.24,,-0.55,-0.08,0.38,,,
disagg,OJ,Prod,-0.33,0.32,0.05,-0.55,,-0.1,-0.88,,,
disagg,OJ,Swap,-0.05,0.04,0.03,-0.08,-0.1,,-0.05,,,
disagg,PA,MM,0.48,0.4,-0.19,0.18,-0.75,-0.76,,,,
disagg,PA,Other,0.02,0.12,,0.12,-0.14,-0.2,-0.19,,,
disagg,PA,NonRep,0.19,0.12,0.12,,-0.34,-0.35,0.18,,,
disagg,PA,Prod,-0.45,0.11,-0.14,-0.34,,0.4,-0.75,,,
disagg,PA,Swap,-0.39,0.25,-0.2,-0.35,0.4,,-0.76,,,
disagg,PL,MM,0.52,0.26,-0.56,-0.29,-0.79,-0.83,,,,
disagg,PL,Other,-0.13,0.15,,0.2,0.21,0.21,-0.56,,,
disagg,PL,NonRep,-0.01,0.11,0.2,,-0.01,0.09,-0.29,,,
disagg,PL,Prod,-0.51,0.16,0.21,-0.01,,0.57,-0.79,,,
disagg,PL,Swap,-0.51,0.32,0.21,0.09,0.57,,-0.83,,,
disagg,RB,MM,0.18,0.17,-0.55,0.5,-0.83,-0.32,,,,
disagg,RB,Other,-0.17,0.07,,-0.41,0.15,0.1,-0.55,,,
disagg,RB,NonRep,0.19,0.07,-0.41,,-0.58,-0.18,0.5,,,
disagg,RB,Prod,-0.13,0.56,0.15,-0.58,,-0.01,-0.83,,,
disagg,RB,Swap,-0.09,0.13,0.1,-0.18,-0.01,,-0.32,,,
disagg,SB,MM,0.5,0.27,-0.46,0.51,-0.85,-0.33,,,,
disagg,SB,Other,-0.2,0.08,,-0.26,0.18,0.04,-0.46,,,
disagg,SB,NonRep,0.58,0.1,-0.26,,-0.62,-0.25,0.51,,,
disagg,SB,Prod,-0.53,0.37,0.18,-0.62,,-0.04,-0.85,,,
disagg,SB,Swap,-0.2,0.18,0.04,-0.25,-0.04,,-0.33,,,
disagg,SI,MM,0.42,0.15,-0.62,-0.03,-0.8,-0.82,,,,
disagg,SI,Other,-0.31,0.13,,-0.03,0.34,0.3,-0.62,,,
disagg,SI,NonRep,0.23,0.2,-0.03,,-0.24,-0.22,-0.03,,,
disagg,SI,Prod,-0.44,0.14,0.34,-0.24,,0.58,-0.8,,,
disagg,SI,Swap,-0.35,0.38,0.3,-0.22,0.58,,-0.82,,,
disagg,ZC,MM,0.51,0.2,-0.24,-0.38,-0.91,0.13,,,,
disagg,ZC,Other,0.02,0.09,,0.04,-0.06,-0.21,-0.24,,,
disagg,ZC,NonRep,-0.03,0.12,0.04,,0.19,-0.12,-0.38,,,
disagg,ZC,Prod,-0.56,0.46,-0.06,0.19,,-0.29,-0.91,,,
disagg,ZC,Swap,0.12,0.13,-0.21,-0.12,-0.29,,0.13,,,
disagg,ZL,MM,0.25,0.18,-0.28,0.49,-0.9,-0.02,,,,
disagg,ZL,Other,-0.11,0.07,,-0.08,-0.04,-0.07,-0.28,,,
disagg,ZL,NonRep,0.23,0.07,-0.08,,-0.63,-0.03,0.49,,,
disagg,ZL,Prod,-0.25,0.58,-0.04,-0.63,,-0.19,-0.9,,,
disagg,ZL,Swap,0.03,0.11,-0.07,-0.03,-0.19,,-0.02,,,
disagg,ZM,MM,0.21,0.19,-0.23,0.3,-0.91,-0.11,,,,
disagg,ZM,Other,0.0,0.07,,0.0,-0.07,-0.02,-0.23,,,
disagg,ZM,NonRep,0.27,0.08,0.0,,-0.49,-0.09,0.3,,,
disagg,ZM,Prod,-0.25,0.52,-0.07,-0.49,,-0.08,-0.91,,,
disagg,ZM,Swap,-0.04,0.14,-0.02,-0.09,-0.08,,-0.11,,,
disagg,ZS,MM,0.16,0.17,-0.31,0.01,-0.88,0.01,,,,
disagg,ZS,Other,-0.01,0.07,,-0.02,-0.05,-0.14,-0.31,,,
disagg,ZS,NonRep,0.2,0.09,-0.02,,-0.17,-0.05,0.01,,,
disagg,ZS,Prod,-0.21,0.55,-0.05,-0.17,,-0.22,-0.88,,,
disagg,ZS,Swap,0.03,0.13,-0.14,-0.05,-0.22,,0.01,,,
disagg,ZW,MM,0.56,0.37,-0.56,-0.08,-0.88,-0.15,,,,
disagg,ZW,Other,-0.24,0.1,,-0.06,0.26,-0.16,-0.56,,,
disagg,ZW,NonRep,0.04,0.11,-0.06,,-0.08,-0.05,-0.08,,,
disagg,ZW,Prod,-0.57,0.26,0.26,-0.08,,-0.09,-0.88,,,
disagg,ZW,Swap,-0.04,0.16,-0.16,-0.05,-0.09,,-0.15,,,
tff,6A,Dealer,-0.36,0.29,-0.15,-0.62,,,,-0.52,-0.75,
tff,6A,AssetMgr,0.13,0.34,0.04,0.31,,,,,-0.08,-0.52
tff,6A,LevFund,0.27,0.21,-0.09,0.26,,,,-0.08,,-0.75
tff,6A,Other,-0.03,0.01,,-0.02,,,,0.04,-0.09,-0.15
tff,6A,NonRep,0.36,0.14,-0.02,,,,,0.31,0.26,-0.62
tff,6B,Dealer,-0.41,0.32,-0.03,-0.62,,,,-0.62,-0.71,
tff,6B,AssetMgr,0.27,0.34,0.02,0.33,,,,,-0.02,-0.62
tff,6B,LevFund,0.22,0.2,-0.23,0.27,,,,-0.02,,-0.71
tff,6B,Other,-0.01,0.0,,-0.11,,,,0.02,-0.23,-0.03
tff,6B,NonRep,0.41,0.13,-0.11,,,,,0.33,0.27,-0.62
tff,6C,Dealer,-0.29,0.32,0.01,-0.53,,,,-0.66,-0.66,
tff,6C,AssetMgr,0.18,0.31,-0.06,0.24,,,,,0.02,-0.66
tff,6C,LevFund,0.18,0.22,-0.19,0.08,,,,0.02,,-0.66
tff,6C,Other,-0.12,0.03,,-0.09,,,,-0.06,-0.19,0.01
tff,6C,NonRep,0.24,0.12,-0.09,,,,,0.24,0.08,-0.53
tff,6E,Dealer,-0.43,0.31,-0.21,-0.5,,,,-0.61,-0.73,
tff,6E,AssetMgr,0.28,0.43,-0.01,0.17,,,,,0.06,-0.61
tff,6E,LevFund,0.29,0.14,-0.1,0.27,,,,0.06,,-0.73
tff,6E,Other,0.02,0.02,,-0.09,,,,-0.01,-0.1,-0.21
tff,6E,NonRep,0.3,0.1,-0.09,,,,,0.17,0.27,-0.5
tff,6J,Dealer,-0.53,0.2,-0.34,-0.54,,,,-0.57,-0.82,
tff,6J,AssetMgr,0.37,0.25,0.12,0.18,,,,,0.17,-0.57
tff,6J,LevFund,0.36,0.31,0.01,0.32,,,,0.17,,-0.82
tff,6J,Other,0.08,0.1,,0.03,,,,0.12,0.01,-0.34
tff,6J,NonRep,0.48,0.14,0.03,,,,,0.18,0.32,-0.54
tff,6M,Dealer,-0.26,0.25,-0.31,-0.24,,,,-0.29,-0.74,
tff,6M,AssetMgr,0.05,0.29,-0.05,-0.02,,,,,-0.33,-0.29
tff,6M,LevFund,0.21,0.3,0.01,0.1,,,,-0.33,,-0.74
tff,6M,Other,0.04,0.12,,0.06,,,,-0.05,0.01,-0.31
tff,6M,NonRep,0.22,0.04,0.06,,,,,-0.02,0.1,-0.24
tff,6N,Dealer,-0.27,0.38,-0.14,-0.39,,,,-0.63,-0.6,
tff,6N,AssetMgr,0.16,0.31,0.11,0.25,,,,,-0.19,-0.63
tff,6N,LevFund,0.14,0.22,-0.13,0.02,,,,-0.19,,-0.6
tff,6N,Other,-0.03,0.02,,-0.0,,,,0.11,-0.13,-0.14
tff,6N,NonRep,0.31,0.07,-0.0,,,,,0.25,0.02,-0.39
tff,6S,Dealer,-0.38,0.37,-0.03,-0.61,,,,-0.29,-0.83,
tff,6S,AssetMgr,0.23,0.31,-0.06,0.2,,,,,-0.07,-0.29
tff,6S,LevFund,0.13,0.11,-0.06,0.18,,,,-0.07,,-0.83
tff,6S,Other,-0.1,0.01,,-0.11,,,,-0.06,-0.06,-0.03
tff,6S,NonRep,0.53,0.2,-0.11,,,,,0.2,0.18,-0.61
tff,BTC,Dealer,0.13,0.24,-0.46,-0.03,,,,0.0,-0.31,
tff,BTC,AssetMgr,0.42,0.2,-0.41,0.03,,,,,-0.34,0.0
tff,BTC,LevFund,-0.44,0.45,-0.35,-0.32,,,,-0.34,,-0.31
tff,BTC,Other,-0.08,0.05,,-0.08,,,,-0.41,-0.35,-0.46
tff,BTC,NonRep,0.22,0.06,-0.08,,,,,0.03,-0.32,-0.03
tff,DX,Dealer,-0.17,0.22,-0.28,-0.15,,,,-0.16,-0.77,
tff,DX,AssetMgr,0.36,0.19,0.04,0.23,,,,,-0.26,-0.16
tff,DX,LevFund,-0.08,0.41,-0.23,-0.2,,,,-0.26,,-0.77
tff,DX,Other,0.09,0.1,,0.16,,,,0.04,-0.23,-0.28
tff,DX,NonRep,0.37,0.08,0.16,,,,,0.23,-0.2,-0.15
tff,ES,Dealer,0.03,0.28,-0.16,-0.37,,,,-0.22,-0.42,
tff,ES,AssetMgr,0.54,0.38,-0.13,-0.24,,,,,-0.43,-0.22
tff,ES,LevFund,-0.37,0.19,-0.1,-0.22,,,,-0.43,,-0.42
tff,ES,Other,-0.24,0.04,,-0.02,,,,-0.13,-0.1,-0.16
tff,ES,NonRep,-0.04,0.12,-0.02,,,,,-0.24,-0.22,-0.37
tff,NQ,Dealer,-0.09,0.3,-0.14,-0.35,,,,-0.45,-0.73,
tff,NQ,AssetMgr,0.31,0.27,-0.04,-0.02,,,,,-0.03,-0.45
tff,NQ,LevFund,-0.1,0.26,-0.1,0.0,,,,-0.03,,-0.73
tff,NQ,Other,0.06,0.03,,-0.25,,,,-0.04,-0.1,-0.14
tff,NQ,NonRep,-0.02,0.14,-0.25,,,,,-0.02,0.0,-0.35
tff,RTY,Dealer,-0.3,0.24,-0.19,-0.25,,,,-0.64,-0.43,
tff,RTY,AssetMgr,0.51,0.41,-0.05,0.03,,,,,-0.3,-0.64
tff,RTY,LevFund,-0.17,0.26,-0.04,-0.06,,,,-0.3,,-0.43
tff,RTY,Other,-0.09,0.02,,-0.13,,,,-0.05,-0.04,-0.19
tff,RTY,NonRep,0.03,0.07,-0.13,,,,,0.03,-0.06,-0.25
tff,YM,Dealer,-0.09,0.45,-0.18,-0.48,,,,-0.33,-0.8,
tff,YM,AssetMgr,0.36,0.17,-0.12,-0.07,,,,,-0.03,-0.33
tff,YM,LevFund,0.07,0.22,-0.14,0.13,,,,-0.03,,-0.8
tff,YM,Other,-0.17,0.0,,0.16,,,,-0.12,-0.14,-0.18
tff,YM,NonRep,-0.19,0.16,0.16,,,,,-0.07,0.13,-0.48
tff,ZB,Dealer,-0.3,0.09,-0.09,-0.29,,,,-0.33,-0.32,
tff,ZB,AssetMgr,0.16,0.54,-0.05,-0.24,,,,,-0.58,-0.33
tff,ZB,LevFund,0.01,0.19,-0.23,-0.06,,,,-0.58,,-0.32
tff,ZB,Other,-0.08,0.06,,-0.06,,,,-0.05,-0.23,-0.09
tff,ZB,NonRep,0.2,0.12,-0.06,,,,,-0.24,-0.06,-0.29
tff,ZF,Dealer,-0.14,0.09,-0.02,-0.2,,,,-0.27,-0.28,
tff,ZF,AssetMgr,0.13,0.47,-0.3,-0.09,,,,,-0.68,-0.27
tff,ZF,LevFund,-0.09,0.33,-0.14,-0.11,,,,-0.68,,-0.28
tff,ZF,Other,-0.12,0.04,,-0.09,,,,-0.3,-0.14,-0.02
tff,ZF,NonRep,0.27,0.07,-0.09,,,,,-0.09,-0.11,-0.2
tff,ZN,Dealer,-0.09,0.1,-0.06,-0.07,,,,-0.36,-0.22,
tff,ZN,AssetMgr,0.17,0.44,-0.19,-0.09,,,,,-0.65,-0.36
tff,ZN,LevFund,-0.09,0.32,-0.23,-0.2,,,,-0.65,,-0.22
tff,ZN,Other,-0.17,0.05,,-0.1,,,,-0.19,-0.23,-0.06
tff,ZN,NonRep,0.17,0.09,-0.1,,,,,-0.09,-0.2,-0.07
tff,ZT,Dealer,-0.06,0.09,-0.13,-0.12,,,,-0.28,-0.24,
tff,ZT,AssetMgr,-0.09,0.42,-0.07,-0.07,,,,,-0.7,-0.28
tff,ZT,LevFund,0.14,0.38,-0.34,-0.16,,,,-0.7,,-0.24
tff,ZT,Other,-0.08,0.07,,0.01,,,,-0.07,-0.34,-0.13
tff,ZT,NonRep,0.06,0.05,0.01,,,,,-0.07,-0.16,-0.12
